"Component","Exact choice","Classification","Source / lineage","Scientific purpose","Why this exact value/range","Alternatives considered","Selection policy","Sensitivity evidence","Development observation","Known limitation","Allowed claim","Prohibited claim","Defense answer","Status"
"C1 local evidence","Reference 300 s and query 300 s; half-open windows","STUDY_SPECIFIC_DESIGN","TD-v1.3 registered design; no external optimum claimed","Give equal-duration baseline and incident support while keeping the estimator local to the known injection","300 s is a pre-outcome compromise between sample support and temporal locality","180/300/420 s query-horizon sensitivity; 300 s registered primary","Fixed before development outcome","180/300/420 s registered sensitivity","C1 L/O changed across horizons but the headline O<=L pattern remained","Not a universal optimum; fixed windows may blur short transients","The window is a registered operational choice with bounded sensitivity","300 s is theoretically optimal for all incidents","We used equal 300-second baseline and incident windows for enough bins without abandoning temporal locality; we tested 180 and 420 seconds and do not claim universality.","DEFENSIBLE_WITH_LIMITATION"
"C1 local evidence","10 s bin width","STUDY_SPECIFIC_DESIGN","TD-v1.3 registered design; data cadence and sparse-count trade-off","Align metric and trace evidence on a common grid without making count channels excessively sparse","10 s is the primary compromise; no paper establishes it as optimal","5/10/20 s registered sensitivity; 10 s primary","Fixed primary; sensitivity only","bin5 and bin20 development variants","Performance varied materially; bin20 approached parity while bin5 degraded both arms","Temporal aggregation changes both signal and sparsity","10 s is the registered primary and temporal aggregation is a material limitation","10 s is optimal or development proves 20 s should replace it","Ten seconds is a registered compromise between resolution and support; the strong bin sensitivity is disclosed, not used to retune the method.","DEFENSIBLE_WITH_LIMITATION"
"C1 local evidence","Metric bin requires >=5 distinct observed seconds","STUDY_SPECIFIC_DESIGN","TD-v1.3 operational data-quality gate","Prevent a bin with only a few repeated or bursty samples from representing a 10 s interval","Five seconds demands evidence over at least half the bin; exact cutoff has no external optimum","Unavailable bin below the gate","Fixed data-quality guard","No direct threshold sensitivity registered","Loader audit made support/missingness observable; no direct 3/5/7-second comparison","Exact cutoff rationale is not centralized in TD prose","It is a conservative support guard, not a performance-tuned detector threshold","Five seconds is statistically optimal or literature-mandated","We require observations across at least half of a ten-second bin so a burst does not masquerade as interval coverage; the exact five-second cutoff is study-specific.","DOCUMENTATION_GAP"
"C1 local evidence","Valid channel requires >=24/30 finite bins in both reference and query","STUDY_SPECIFIC_DESIGN","TD-v1.3 operational completeness gate","Keep normalization and ranking from being driven by heavily missing channels","24/30 is an 80% completeness convention aligned with the study's broader eligibility policy","Drop channel below gate; missingness remains explicit","Fixed data-quality guard","No direct 70/80/90% sensitivity","Development loader audit verified actual coverage","Exact 80% cutoff has no external optimum and no direct OFAT","The gate conditions whether evidence is usable; it is not an efficacy threshold","The gate was selected because it maximized MRR","We require 80% finite support in both windows so scale and anomaly summaries are not based on sparse fragments; it was fixed before outcomes.","DOCUMENTATION_GAP"
"C1 normalization","Center = median; scale = max(IQR, relative floor, 1e-12)","ADAPTED_FROM_PRIOR_WORK","BARO arXiv:2405.09330 supports median/IQR robustness; GDN arXiv:2106.06947 and official evaluation code use median/IQR error normalization; PRIOR SUPPORTS PRINCIPLE, NOT EXACT PARAMETERIZATION","Provide robust per-channel comparability under outliers and short windows","Median/IQR resist outliers better than mean/SD; exact floor composition is a study adaptation","Mean/SD not registered; floor sensitivities registered","Fixed primitive; floor selected on development","Relative-floor and residual-floor sensitivities","Phase 2 found the 1e-12 branch can dominate C5 loss; it did not establish a C1 outcome cause","IQR can be zero on sparse counts; transfer from prior work does not validate exact floors","Robust normalization is principled and exact safeguards are study-specific","Prior work proves this complete formula is optimal","Median and IQR are robust choices for short noisy windows; our two-floor safeguard is an adaptation whose sparse-count limitation is explicit.","DEFENSIBLE_WITH_LIMITATION"
"C1 normalization","NumPy/type-7 empirical quantiles","STANDARD_STATISTICAL_METHOD","Conventional linear empirical quantile definition; TD fixes implementation semantics","Make Q90, quartiles and IQR reproducible","Type 7 is a standard convention and is fixed to eliminate library ambiguity","Other quantile conventions","Fixed","Not separately sensitized","No evidence of implementation drift","Small samples can differ across quantile conventions","The convention ensures exact reproducibility","Type 7 is uniquely correct","We fixed a standard quantile convention so every implementation returns the same values; it is a reproducibility choice, not a scientific optimum.","DEFENSIBLE"
"C1 normalization","Relative floor epsilon_rel in {0.001,0.01}; selected 0.01","STUDY_SPECIFIC_DESIGN","TD-v1.3 bounded registry","Limit amplification when IQR is small relative to channel magnitude","Two orders of magnitude form a small predeclared robustness set; development selected 0.01","0.001 and 0.01","Development selected using registered C1 selection","Both variants evaluated; broader floor sensitivity also reported","C1 selected 0.01; outcomes remained sensitive to temporal/scaling choices","Does nothing when median(abs(x))=0 and IQR=0","It is a bounded numerical-robustness choice, not a universal floor","0.01 is theoretically optimal","We compared two preregistered relative safeguards and selected 0.01 on development; the zero-median case is not solved by this term.","DEFENSIBLE_WITH_LIMITATION"
"C1/C5 normalization","Absolute fallback 1e-12","STUDY_SPECIFIC_DESIGN","TD-v1.3 numerical safeguard; Phase 2 sealed-artifact diagnosis","Avoid division by zero when both IQR and relative scale vanish","1e-12 is a numerical nonzero fallback, not a meaningful physical scale","No alternative absolute floor registered","Fixed before development; diagnosis only after development","Relative-floor variants do not alter zero-median/zero-IQR cases","Phase 2: real extreme effects and lambda-loss dominance, but lag3 recovery with identical affected scalers refuted a single-cause explanation","Can create enormous normalized values for sparse count channels; existing OFAT did not isolate a causal performance effect","It prevents undefined arithmetic and must be disclosed as a non-decisive limitation","1e-12 is scientifically calibrated or harmless","It was a preregistered divide-by-zero safeguard; development exposed an extreme sparse-count behavior, so we retain the sealed analysis, disclose the limitation, and do not retrofit the method without causal evidence.","DEFENSIBLE_WITH_LIMITATION"
"C1 local evidence","Per-bin deviation r=abs(x-center)/scale","ADAPTED_FROM_PRIOR_WORK","Robust anomaly-score lineage from BARO/GDN; PRIOR SUPPORTS PRINCIPLE, NOT EXACT PARAMETERIZATION","Measure magnitude of departure irrespective of sign on a comparable robust scale","Absolute magnitude matches the ranking estimand, which asks which service is most anomalous rather than direction of change","Signed deviation and other norms not registered","Fixed","Temporal/fusion sensitivities operate downstream","Produced usable local ranking L=.744206 MRR on development30","Discards direction and depends on scale quality","It is a transparent robust magnitude score","It identifies causal direction or is universally best","We rank how unusually large the departure is, not whether it rose or fell; that is appropriate for localization but not causal interpretation.","DEFENSIBLE"
"C1 local evidence","Temporal pool = Q90; max is sensitivity","STUDY_SPECIFIC_DESIGN","TD-v1.3 bounded aggregation registry","Capture sustained/high anomaly while reducing single-bin domination","Q90 is a high-tail summary below max; exact 0.90 is a registered convention","Q90 versus max","Development selected","Registered max sensitivity","Primary Q90 was selected; max sensitivity did not reverse the broad negative graph result","No external optimum; Q90 may miss very brief spikes","Q90 balances persistence and peak robustness within the registered design","Q90 is universally optimal","We use a high quantile so one isolated extreme does not fully determine the channel; max remains a registered sensitivity.","DEFENSIBLE_WITH_LIMITATION"
"C1 local evidence","Metric-channel pooling = max or Q90; selected Q90","STUDY_SPECIFIC_DESIGN","TD-v1.3 bounded registry","Reduce multiple metric channels to one modality score per service","Q90 limits single-channel domination while remaining tail-sensitive","max and Q90","Development selected","Both candidates included in local selector","Selected Q90 was stable enough for the registered run; no universal claim","Channels are heterogeneous and pooled without learned weights","This is a transparent, bounded service-level reducer","Q90 is a learned optimal feature combiner","We compared max and Q90 within the preregistered registry and used Q90; it is deliberately simple and auditable.","DEFENSIBLE_WITH_LIMITATION"
"C1 local evidence","Modality fusion = max or available-mean; selected available-mean","STUDY_SPECIFIC_DESIGN","TD-v1.3 bounded registry","Combine metric and trace evidence without imputing absent modalities","Available-mean gives equal contribution only among present modalities; max represents an OR rule","max and available-mean","Development selected","Both candidates evaluated; fixed-fusion sensitivity reported","Available-mean selected; fixed-fusion sensitivity stayed near the primary C1 result","Equal weighting is not learned and availability can vary","It is a missingness-aware, transparent fusion rule","It proves metrics and traces are equally informative","We average only available modality scores to avoid treating missing data as normal; equal weighting is a design convention, not an empirical truth.","DEFENSIBLE_WITH_LIMITATION"
"C1 traces","Trace count transform = log1p(distinct trace/span count)","STUDY_SPECIFIC_DESIGN","TD-v1.3 trace feature definition; conventional count compression","Stabilize heavy-tailed counts while retaining zeros","log1p is defined at zero and compresses multiplicative count differences","Raw count not registered as primary","Fixed","Temporal bin sensitivities indirectly change count sparsity","Trace-count sparsity contributed to zero-scale cases","Does not make counts Gaussian and can hide absolute-volume meaning","It is a transparent variance-compressing transform","log1p is proven optimal for these traces","We use log-one-plus-count because counts are heavy-tailed and include zeros; it improves numerical behavior without claiming a distributional model.","DEFENSIBLE_WITH_LIMITATION"
"C1 missingness","No interpolation; unavailable channels/modalities remain missing; root absent => failure score 0","STUDY_SPECIFIC_DESIGN","TD-v1.3 missingness and failure semantics","Prevent fabricated evidence and keep failures comparable across arms","Conservative policy makes absence visible rather than silently inventing values","Interpolation and zero-imputation rejected","Fixed","Loader audit and failure accounting","Development completed with explicit quality limitations","Conservative zero for root-absent mixes data failure with ranking failure by design","Claims include data availability and method performance under the registered pipeline","Missingness is proof of normality or zero means the method ranked the root last","We do not invent observations; if the root is not rankable the case receives zero, making data failures visible in efficacy.","DEFENSIBLE"
"C1 modalities","Primary C1 uses metrics plus traces; logs excluded","STUDY_SPECIFIC_DESIGN","TD-v1.3 scope; common-input fairness for L/O/R","Keep the estimand focused on graph propagation over numeric service evidence shared by all arms","Metrics and trace counts are alignable and complete enough for the common scorer; log semantics would add a separate representation problem","Logs reserved outside primary C1","Fixed before outcome","No log-added C1 sensitivity","Development result is therefore about M+T evidence only","Cannot generalize to all observability modalities","Claims are limited to the registered metric-and-trace C1","The study proves logs add no value","We isolate the graph question using common numeric metric and trace evidence; adding logs would change both representation and estimator, so it is outside this estimand.","DEFENSIBLE"
"C1 comparator","BARO-style robust local baseline","ADAPTED_FROM_PRIOR_WORK","BARO arXiv:2405.09330; PRIOR SUPPORTS ROBUST LOCAL PRINCIPLE, NOT TD DATA ADAPTER","Provide a strong non-graph robust anomaly-ranking comparator","BARO contributes median/IQR-based local deviation suitable for limited noisy data; TD fixes its own channel and case adapter","Registered local L and LocalMAX comparators","Fixed comparator","Same development30 cases and evidence audit","BARO development MRR was about .659120, below registered local L","Adapter and multimodal pooling are not the original BARO experiment","BARO is a prior-work-informed local comparator","TD results reproduce all BARO claims or prove BARO inferior generally","We include BARO as a recognizable robust local baseline, while limiting claims to our adapter and benchmark.","DEFENSIBLE_WITH_LIMITATION"
"C1 comparator","LocalMAX secondary local aggregation","STUDY_SPECIFIC_DESIGN","TD-v1.3 transparent comparator","Check whether the selected local pooling benefits merely from a more conservative max rule","Max is the simplest high-tail alternative with no graph and no learned weights","Selected local L and BARO","Fixed secondary comparator","Evaluated on development30","LocalMAX MRR about .741178, close to L=.744206","Near-equality does not prove pooling irrelevance; sample is small","It contextualizes the selected local aggregation","LocalMAX validates the selected registry or replaces the primary","LocalMAX is a simple no-graph stress comparator; its closeness to L shows the local result is not driven by a large pooling advantage.","DEFENSIBLE"
"C1 comparator","RCD baseline through fixed RCAEval adapter; localized causal discovery with registered discretization/defaults","ADAPTED_FROM_PRIOR_WORK","RCD NeurIPS 2022 arXiv:2203.14883 and official RCAEval implementation; PRIOR SUPPORTS ALGORITHM, NOT TD ADAPTER","Compare graph-propagation ranking with a distinct causal-discovery RCA family","Use the published/official implementation path with a frozen adapter rather than reimplementing or tuning it on outcomes","No adapter search; method-specific failure policy fixed","Fixed comparator","Adapter and failure audits; no rerun in this review","Completed development result is interpreted only under the adapter's eligible inputs","Discretization, time-column removal, imputation and benchmark mismatch limit transfer","It is a reproducible external-family comparator","Observed trace graph becomes a causal graph or RCD result proves causality","RCD is included as a fixed prior-work comparator; its causal assumptions and adapter limitations are not transferred to our observed dependency graph.","DEFENSIBLE_WITH_LIMITATION"
"C1 graph","Observed dependency graph from resolved parent-child spans in the reference window","DIRECTLY_ADOPTED","Trace data semantics plus TD-v1.3 construction rule","Use case-specific executed dependencies rather than a static architecture guess","The reference window avoids incident-label leakage and represents actually observed calls","Static graph and randomized controls; no causal graph claim","Fixed","Topology audit and bin/window sensitivities","Development graphs included isolates and variable degrees; these were analyzed post hoc","Missing/incomplete traces yield missing edges; observed edge is not causal","The graph encodes observed execution dependency in the specified window","Observed trace edges are causal edges or complete architecture","We build the graph from parent-child spans actually observed before the incident; it is an execution-dependency graph, not a causal graph.","DEFENSIBLE_WITH_LIMITATION"
"C1 graph","Raw directed edge caller u -> callee v","DIRECTLY_ADOPTED","Distributed-trace parent/child semantics","Preserve the direction of service invocation","Caller-to-callee follows the trace relation rather than a learned orientation","Reverse and undirected operators act on this raw graph","Fixed data semantics","Directed, reverse and undirected registered operators","No source-semantics conflict found","Parent resolution errors can remove or misassign edges","The raw direction means invocation, not root-cause direction","Caller-to-callee proves causal influence","The edge says who called whom in the trace; the diagnostic propagation direction is a separate modeling choice.","DEFENSIBLE"
"C1 PPR","Reverse-call PPR operator","ADAPTED_FROM_PRIOR_WORK","MicroRCA IEEE DOI:10.1109/NOMS47738.2020.9110353 and official code reverse the anomaly graph before PageRank; NetworkX PageRank documents incoming-link propagation; PRIOR SUPPORTS PRINCIPLE, NOT EXACT TD GRAPH","Propagate local anomaly mass from affected callees toward plausible upstream callers","Reverse direction matches the diagnostic intuition that downstream symptoms can point back toward an upstream origin","Raw direction and undirected variant","Registered candidate; development-selected operator","Reverse and undirected candidates plus damping grid","Undirected d=.5 won registered development selection; reverse variants did not dominate","Invocation reversal is a heuristic, not a causal guarantee","Reverse-PPR has prior lineage and a clear diagnostic interpretation","MicroRCA validates this exact dataset/operator or reverse edges are causal","Prior RCA work reverses call edges for PageRank-style localization; we adapt that intuition and test it rather than treating it as causal truth.","DEFENSIBLE_WITH_LIMITATION"
"C1 PPR","Undirected graph variant","STUDY_SPECIFIC_DESIGN","TD-v1.3 bounded alternative","Test whether adjacency carries useful association when direction is incomplete or ambiguous","Undirected is the simplest direction-agnostic comparator using the same nodes and edges","Reverse-call directed variant","Development selected","Registered operator comparison and post-hoc mechanism analysis","Undirected d=.5 was selected but O=.702405 remained below L=.744206; margin and leave-cell stability were limited","Can reward hubs and cannot express cause direction","It is a robustness alternative for incomplete direction, not a causal model","Undirected selection proves direction is irrelevant","We included an undirected variant because trace direction may be incomplete for diagnosis; its selection is empirical and does not convert association into causality.","DEFENSIBLE_WITH_LIMITATION"
"C1 PPR","For positive local mass, p=(l/max(l))/sum(l/max(l)); sum(l)=0 gives a common all-tie/no-evidence result, never uniform PPR","ADAPTED_FROM_PRIOR_WORK","Personalized PageRank definition in NetworkX; MicroRCA-style anomaly personalization; PRIOR SUPPORTS PRINCIPLE, NOT EXACT SCORE OR ZERO-MASS POLICY","Anchor propagation in observed anomaly evidence instead of pure structural centrality","The C1 estimand is the incremental effect of graph propagation over the same nonzero local evidence; zero evidence must not let topology invent a ranking","Uniform-positive personalization is a label-free diagnostic only, not the zero-mass fallback; degree centrality is not primary","Fixed","L/O/R share the same local vector and zero-mass rule","Development selected configuration had no all-tie/empty/zero local case","PPR inherits local score-scale biases; positive uniform personalization can induce topology ranking but is not the primary zero-mass behavior","O differs from L by controlled propagation on common evidence; zero local mass remains a common all-tie","Zero local mass falls back to uniform PPR or lets topology rank services","When local evidence has positive mass, it becomes the personalization vector; when all local evidence is zero, every arm returns the same no-evidence tie rather than allowing topology to manufacture a ranking.","DEFENSIBLE"
"C1 PPR","Damping d in {0.2,0.5,0.85}; selected 0.5 with undirected graph","STUDY_SPECIFIC_DESIGN","0.85 is conventional PageRank/MicroRCA reference; 0.2 and 0.5 form a bounded study grid; PRIOR SUPPORTS PRINCIPLE, NOT EXACT PARAMETERIZATION","Span weak to strong reliance on graph travel while retaining personalization","Three preregistered values cover low, balanced and conventional-high propagation without a search continuum","0.2, 0.5, 0.85 crossed with reverse/undirected","Development selected","All six registered PPR candidates and leave-cell checks","Undirected .5 selected by a small advantage; O still underperformed L and selection varied across held-out cells","No theorem or external evidence makes .5 optimal; small development sample","0.5 is the registered development choice for final confirmation","0.5 is globally optimal or scientifically privileged","We included low, middle and conventional-high damping; development selected 0.5, but we present it as a registered choice, not an optimum.","DEFENSIBLE_WITH_LIMITATION"
"C1 PPR","Self-loop for isolated nodes","STANDARD_STATISTICAL_METHOD","Markov-chain/PageRank well-posedness convention; TD-v1.3 explicit rule","Keep an isolate's mass defined rather than dropping the service or creating a dangling-row ambiguity","A self-loop is the minimal topology-preserving completion for an isolate","Uniform dangling redistribution would mix unrelated services","Fixed","Post-hoc isolate analysis","Isolate-associated harms were post-hoc and not causal; 17/17 local-rank1 cases stayed rank1","Self-loop means graph contributes no new neighbor evidence for that node","It is a numerical/topological completion with explicit semantics","Self-loop demonstrates self-causation or isolate harm authorizes gating","An isolate self-loop keeps the transition matrix defined and preserves its local mass; it carries no causal interpretation.","DEFENSIBLE"
"C1 graph","PPR primary graph operator","ADAPTED_FROM_PRIOR_WORK","PageRank/PPR canonical mechanism; MicroRCA reverse-PPR lineage","Provide a normalized mass-conserving propagation estimator directly comparable across cases","PPR naturally accepts local personalization and exposes a single damping control","Degree/centrality; value diffusion; GNN outside estimand","Fixed as primary before outcomes","Damping/direction grid; R topology control; value diffusion secondary","Primary O did not improve over L on development30","Negative development result is valid evidence; PPR is not proven beneficial","The primary tests a prespecified graph-propagation hypothesis","PPR is retained because it won or must beat local","PPR is primary because it cleanly tests whether graph propagation adds value over fixed local evidence, not because we assumed it would win.","DEFENSIBLE"
"C1 graph","Value diffusion secondary; alpha in {0.2,0.5,0.85}","STUDY_SPECIFIC_DESIGN","TD-v1.3 separates value smoothing from probability-mass PageRank","Check whether neighbor smoothing behaves differently from stationary mass redistribution","Same bounded strengths aid interpretation while keeping the operator mathematically distinct","Three alpha values; PPR primary","Sensitivity/secondary only","All registered alphas evaluated","Best diffusion development MRR about .720162, also below L","Not a substitute confirmatory result and values are not probabilities over nodes in the PageRank sense","It is a secondary operator robustness check","Diffusion and PPR are interchangeable or secondary results rescue the primary","PPR redistributes probability mass; diffusion smooths scores. We keep diffusion secondary so those meanings and claims are not mixed.","DEFENSIBLE_WITH_LIMITATION"
"C1 experiment","L/O/R use identical local evidence and case support","STUDY_SPECIFIC_DESIGN","TD-v1.3 estimand and fairness constraint","Attribute O-L to the observed graph operator and O-R to topology rather than upstream score differences","Common evidence is required for an interpretable paired comparison","Changing features by arm rejected","Fixed","Sealed common prediction/input identities","Development aggregate recomputation matched sealed results","Only isolates the graph operator effect within the registered evidence representation","O-L is the incremental graph-operator effect for this registered pipeline","O-L is a universal value of graphs","All three arms start from the same local scores; the comparison changes the graph treatment, not the evidence.","DEFENSIBLE"
"C1 randomized control","R uses degree/component-preserving edge switches","STUDY_SPECIFIC_DESIGN","Graph randomization design in TD-v1.3; aligned with null-model principle","Destroy specific topology while preserving coarse confounds such as node set, degree and components","This null asks whether observed wiring matters beyond those coarse properties","Unconstrained Erdos-Renyi rejected; directed/undirected switch kernels","Fixed","100/200/400 proposal-budget topology sensitivity","All 30 development cases completed and were mobile under descriptive gate; R=.678235","Preserving degree/components does not preserve every structural property; topology diagnostic has no predictions","R is a structured negative control, not a generic random graph","R removes all graph structure or proves causality","We randomize wiring while preserving degree and component constraints so the control is difficult in the specific way relevant to O-versus-R.","DEFENSIBLE_WITH_LIMITATION"
"C1 randomized control","256 independent chains per eligible case/operator","STUDY_SPECIFIC_DESIGN","TD-v1.3 Monte Carlo design","Estimate randomized-graph outcome distribution without a single lucky graph","Power-of-two ensemble balances Monte Carlo stability and fixed compute budget; exact number is operational","Fewer/more chains not outcome-searched","Fixed before development","Topology feasibility inspected across all chains","30 cases x 6 topology jobs completed; 46,080 draws","No direct chain-count convergence sensitivity; independence depends on seeded chains","256 is a prespecified Monte Carlo budget adequate for descriptive null estimation","256 guarantees convergence or effective independence","We fixed 256 seeded chains to avoid single-random-graph conclusions; it is a compute-and-stability budget, not a theorem.","DEFENSIBLE_WITH_LIMITATION"
"C1 randomized control","Primary switch proposal budget = 200E","STUDY_SPECIFIC_DESIGN","TD-v1.3 bounded mixing budget","Allow many local edge-switch proposals scaled to graph size","Scaling by E makes the budget comparable across case sizes; 200 is the registered middle value","100E and 400E sensitivity","Fixed primary; sensitivity only","100E/200E/400E topology mobility outputs","All budgets passed descriptive development mobility checks","Mobility checks do not prove Markov-chain mixing or independence","200E is a registered central budget supported by bounded mobility sensitivity","200E proves stationarity/mixing","We scale proposals with edge count and use 200E as the registered middle budget; 100E and 400E check mobility, not formal mixing.","DEFENSIBLE_WITH_LIMITATION"
"C1 randomized control","Mobility gate: >=32 unique final graphs; median edge overlap <=0.8; pass >=80% cases and >=50% each final root stratum","STUDY_SPECIFIC_DESIGN","TD-v1.3 quality gate","Prevent a frozen randomization kernel from supporting a topology claim","Thresholds demand visible movement globally and within root strata; exact cutoffs are operational safeguards","100/200/400E diagnostic budgets","Fixed gate before final","100/200/400E development topology diagnostics","Development summary reports 30/30 cases mobile and the descriptive 80% gate true","No external optimum; development check is descriptive and the final root-stratum gate remains unopened","The gate conditions whether R evidence is interpretable","Passing proves perfect mixing or unbiased random graphs","The mobility gate is a preregistered minimum-quality condition: enough distinct endpoints and limited overlap, including root strata; it is not a convergence theorem.","DOCUMENTATION_GAP"
"C5 detector","Forecast next-bin signal then score residual anomaly","ADAPTED_FROM_PRIOR_WORK","GDN arXiv:2106.06947 supports graph-based prediction/residual anomaly detection; PRIOR SUPPORTS PRINCIPLE, NOT EXACT LINEAR MODEL","Test whether dependency context improves short-horizon anomaly detection","Prediction error provides a common target for G/L/ALL while keeping the model auditable","Direct level thresholds; graph-TV secondary","Fixed primary C5 family","Registered bin/prefix/lag/floor sensitivities","G and ALL exceeded L on primary development, but capacity/context confounding remains","Prior work does not validate TD's ridge features, windows or pooling","C5 evaluates contextual forecasting under the registered design","GDN validates this exact detector or G-L is purely graph structure","We use forecast residuals because context should help predict normal behavior; the exact linear model is our controlled, reproducible adaptation.","DEFENSIBLE_WITH_LIMITATION"
"C5 arms","G, L and ALL feature arms","STUDY_SPECIFIC_DESIGN","TD-v1.3 ablation design","Separate own-history evidence, graph-neighbor context and their combination","Three arms expose whether context adds predictive capacity and whether combination helps","Single monolithic model rejected","Fixed","Same targets/scalers; sealed feature masks and variants","G/ALL strongly outperformed L in primary, while lag3 let L recover","Arms differ in feature capacity/context, so G-L is not a pure graph-structure causal effect","The arms compare registered feature families","G>L proves graph structure alone caused the gain","G, L and ALL are controlled feature-family ablations, but G versus L still differs in available context and capacity, so attribution is limited.","DEFENSIBLE_WITH_LIMITATION"
"C5 features","Own lag plus same-type caller/callee means and coverage fractions","STUDY_SPECIFIC_DESIGN","TD-v1.3 transparent graph-context feature construction","Represent local temporal persistence and aggregate neighborhood context without node-specific parameter explosion","Means and coverage are permutation-invariant, bounded-complexity summaries compatible with missing nodes","Learned attention/GNN outside scope","Fixed","G/L/ALL arm comparison; lag sensitivity","Context arms performed well on development; no pure structural attribution","Mean aggregation loses heterogeneity and degree can affect support","Features operationalize additional dependency context transparently","These features are optimal or identify causal parents","We use simple neighbor means and coverage so the graph contribution is inspectable and reproducible; they summarize association, not causality.","DEFENSIBLE_WITH_LIMITATION"
"C5 timing","5 s bins and 180 s warmup prefix","STUDY_SPECIFIC_DESIGN","TD-v1.3 registered C5 profile","Provide more forecast points than C1 while staying near the injection","Five-second bins give 36 warmup points; 180 s bounds the pre-injection history","10 s bin and 240 s prefix registered sensitivities","Fixed primary; sensitivity only","bin10 and prefix240 variants","bin10 materially improved L-MTL; prefix240 did not","Strong bin sensitivity and no external optimum","Primary timing is registered and sensitivity is material to interpretation","5 s/180 s are universally best","We fixed a short five-second forecast grid and three-minute history, then disclosed that binning materially changes L behavior rather than retuning after outcomes.","DEFENSIBLE_WITH_LIMITATION"
"C5 timing","First 24 bins/120 s fit; final 12 bins/60 s held-out calibration","STUDY_SPECIFIC_DESIGN","TD-v1.3 leakage-control split","Select regularization on pre-injection fit history and threshold on a disjoint normal calibration tail","Two-thirds/one-third gives enough rows for fitting while retaining a temporally later threshold block","Prefix240 sensitivity changes support; no alternate split grid","Fixed before development","prefix240 registered sensitivity","Primary L-MTL remained low under prefix240; G/ALL remained high","Small per-case sample and temporal dependence","Fit and threshold calibration are separated before the incident","Calibration is independent IID evidence or split is optimal","We reserve the last normal minute for threshold calibration so the incident and final labels never tune the detector; the split is a study design, not an IID guarantee.","DEFENSIBLE_WITH_LIMITATION"
"C5 node support","V_fit frozen at fit boundary; scored targets require registered availability","STUDY_SPECIFIC_DESIGN","TD-v1.3 anti-leakage rule","Prevent later observations from changing which nodes the model knows","Freezing membership at the fit boundary makes all target identities pre-incident","Dynamic nodes rejected for primary","Fixed","Eligibility and seal audits","Completed sealed runs preserved target identities","New services after fit cannot be scored and coverage may differ by arm","Membership is leakage-safe within the registered window","The method handles arbitrary dynamic topology","We freeze the modeled node set before calibration and injection so later evidence cannot alter eligibility.","DEFENSIBLE"
"C5 model","Lag1 primary; lag3 sensitivity","STUDY_SPECIFIC_DESIGN","TD-v1.3 bounded temporal-memory design","Test immediate next-bin predictability with minimal parameter count","Lag1 is the lowest-capacity autoregressive baseline for short warmup; lag3 tests modest extra history","Lag3 sensitivity only","Fixed primary; sensitivity only","Registered lag3 variant","Lag3 raised L-MTL from about .07 to about .65 while affected 1e-12 scaler identities stayed the same","Primary collapse is not explained by scale alone; lag1 may underfit dynamics","Lag1 is a parsimonious registered estimand with material lag sensitivity","Lag1 is optimal or scale pathology alone caused L collapse","We chose lag1 to keep the primary model low-capacity; lag3 is a sensitivity and its recovery shows model history matters materially.","DEFENSIBLE_WITH_LIMITATION"
"C5 model","Ridge regression with numerical linear solve","STANDARD_STATISTICAL_METHOD","Standard L2-regularized linear regression and stable numerical solve","Control small-sample multicollinearity and keep coefficients reproducible","L2 shrinkage is a low-variance choice for correlated features with only a few fit rows","OLS and nonlinear models not primary","Fixed estimator; lambda selected","Lambda grid and feature-arm comparisons","All sealed variants executed deterministically","Linear/additive assumptions can underfit and sample size is small","Ridge is an auditable regularized forecaster","Ridge is the best forecasting model","We use ridge because it is stable and interpretable in a small-sample correlated-feature setting; it is a baseline, not a superiority claim.","DEFENSIBLE"
"C5 model","Lambda grid {0.1,1,10}; selected 10 by equal-weight G/L/ALL pre-injection MAE","STUDY_SPECIFIC_DESIGN","TD-v1.3 bounded regularization registry","Choose regularization without incident outcome labels while preventing one arm from determining the shared lambda","One decade below/at/above one spans weak to strong shrinkage without dense search","0.1, 1, 10","Development selected on sealed pre-injection forecast loss within the declared supervised regime","Same grid across registered variants","Phase 2 found 1e-12 channels numerically dominated the objective; selected lambda remained sealed","Objective can be dominated by pathological target scaling; the development regime/split/timing and scenario organization have declared supervision/exposure","Lambda selection did not use incident outcome labels, but it occurred within a study-specific supervised development regime","Lambda selection was wholly label-free, lambda 10 is optimal, or it was selected from final outcomes","We selected among three logarithmically spaced values using pre-injection numeric error shared across arms, without incident outcome labels, inside the declared supervised development regime; Phase 2 limits how strongly that loss can be interpreted.","DEFENSIBLE_WITH_LIMITATION"
"C5 data gate","Target fit requires >=18 of 23 usable lag1 rows","STUDY_SPECIFIC_DESIGN","TD-v1.3 operational fit-support gate","Avoid fitting a per-target model on severely incomplete history","About 78% usable rows approximates the study's 80% completeness rule after one lag row","Exclude target below gate","Fixed data-quality guard","No direct threshold sensitivity","Eligibility was sealed and audited","Exact 18/23 cutoff has no external optimum","It is a model-estimability guard, not an anomaly threshold","18 rows guarantee reliable coefficients","We require roughly eighty percent of the available lagged fit rows so ridge is not fit to a fragment; the exact cutoff is study-specific.","DOCUMENTATION_GAP"
"C5 data gate","Calibration requires >=9 of 12 normal rows","STUDY_SPECIFIC_DESIGN","TD-v1.3 operational calibration-support gate","Prevent a threshold quantile from being based on a tiny normal tail","Nine rows is 75% of the held-out block, retaining some tolerance for missingness","Exclude target below gate","Fixed data-quality guard","No direct threshold sensitivity","Calibration eligibility was sealed and audited","Nine observations are still few for Q95-Q99 and exact cutoff is not externally justified","It is a minimum support condition with uncertainty","Nine rows make tail quantiles precise","We require most of the held-out minute to be present; it is a minimum viability guard, and high-quantile uncertainty remains a limitation.","DOCUMENTATION_GAP"
"C5 residual scaling","For calibration errors e: mu_e=median(e), s_e=max(IQR(e), epsilon_e), epsilon_e=0.01 primary; r=max(0,(e-mu_e)/s_e)","ADAPTED_FROM_PRIOR_WORK","GDN error-normalization and BARO robust-scaling principles; the absolute residual floor and one-sided excess score are TD adaptations","Make forecast errors comparable across targets and score only excess above the held-out residual center","Median/IQR provide robust center/scale; epsilon_e is an absolute downstream residual floor, separate from the input relative floor and input 1e-12 fallback","Residual floor 0.001 and 0.1 sensitivities","Fixed primary; sensitivities only","Registered residual-floor variants","Residual-floor variants rescaled extreme L thresholds but did not change L-MTL F1; Phase 2 separated them from input scaling","Only 9-12 correlated calibration errors make scale noisy; exact 0.01 is not externally optimal","Robust residual normalization is principled; the absolute residual floor is study-specific and downstream of input normalization","Residual floor changes the input 1e-12 branch or prior work validates epsilon_e=0.01","We center held-out forecast errors by their median and divide by the larger of their IQR or an absolute 0.01 residual floor; this is downstream from the input scaler and has separate sensitivities.","DEFENSIBLE_WITH_LIMITATION"
"C5 pooling","System score = maximum eligible target residual","STUDY_SPECIFIC_DESIGN","TD-v1.3; GDN official evaluator also uses max aggregation, supporting the principle only","Detect when any modeled service-channel is strongly anomalous","Max matches an any-component incident alarm and is easy to audit","Mean/quantile pooling not registered for primary","Fixed","Phase 2 argmax-dominance analysis","1e-12 channels did not alone explain L collapse; extreme channels can dominate individual bins","Sensitive to a single pathological channel and number of targets","It is an OR-style system alarm under fixed eligibility","Max is robust or identifies the root cause","We use max because one severe component should be enough to signal a system incident; that makes single-channel scaling a known limitation.","DEFENSIBLE_WITH_LIMITATION"
"C5 threshold","q in {0.95,0.975,0.99}; selected 0.95 on held-out normal calibration and development macro regime F1","STUDY_SPECIFIC_DESIGN","TD-v1.3 bounded tail-threshold registry","Control false-alarm stringency while keeping all selection pre-final and within registered candidates","Three upper-tail levels cover moderate to strict alarms without continuous threshold search","0.95, 0.975, 0.99","Development selected under registered policy","All q candidates evaluated on development only","0.95 selected for G/L/ALL","Small calibration blocks make tail quantiles discrete; development selection can overfit","q=.95 is a registered development choice awaiting final confirmation","q=.95 is a calibrated universal false-positive rate","We chose among three preregistered tail quantiles on development; with short calibration blocks they are operating points, not exact probability guarantees.","DEFENSIBLE_WITH_LIMITATION"
"C5 threshold gate","At least 100 pooled normal endpoints for q selection","STUDY_SPECIFIC_DESIGN","TD-v1.3 selection-eligibility guard","Prevent selecting an extreme quantile from trivial pooled support","100 gives a round minimum with nominal resolution near one percent","Candidate q invalid below gate","Fixed guard","No direct gate sensitivity","Development selection met the gate","Pooling dependent endpoints does not create 100 independent samples; exact count is operational","It is a minimum support condition, not an IID guarantee","100 endpoints validate tail calibration statistically","We require at least one hundred normal score endpoints before comparing tail thresholds; they are still dependent, so the gate ensures support, not formal precision.","DOCUMENTATION_GAP"
"C5 threshold gate","At least 80% of training cases contribute any normal score to q selection","STUDY_SPECIFIC_DESIGN","TD-v1.3 representativeness guard","Stop a few well-instrumented cases from defining the shared threshold","80% matches the study's broad completeness convention","q selection invalid below gate","Fixed guard","No direct threshold sensitivity","Development selection met the gate","Case contribution is binary and does not equal balanced endpoint weight","It guards coverage across cases","80% proves representativeness of all fault/root strata","We require normal scores from at least eighty percent of training cases so threshold selection is not driven by a small convenient subset.","DOCUMENTATION_GAP"
"C5 event policy","Three consecutive exceedances (streak3)","STUDY_SPECIFIC_DESIGN","TD-v1.3 eventization rule","Suppress isolated score spikes before declaring an alarm event","Three bins is a short persistence rule: 15 s under primary binning","streak1 and streak5 event-only sensitivities","Fixed primary; sensitivity only","Registered streak1/3/5 diagnostics","Trigger and censoring counts changed materially, especially for L-MTL","Event policy affects alert counts but not bin-level detector F1","It is a registered persistence convention with explicit sensitivity","Three is optimal or improves the primary efficacy claim","We require three consecutive exceedances to avoid one-bin alarms; one and five are reported as event-policy sensitivities, not used to retune F1.","DEFENSIBLE_WITH_LIMITATION"
"C5 event policy","Refractory period 300 s","STUDY_SPECIFIC_DESIGN","TD-v1.3 alert deduplication rule","Avoid counting one incident repeatedly as many alerts","Five minutes matches the incident-scale observation window and is operationally interpretable","60 and 600 s event-only sensitivities","Fixed primary; sensitivity only","Registered refractory60/300/600 diagnostics","Event counts varied strongly with refractory duration","Does not change bin-level detection quality and is not an SLA","It is an alert-counting convention","300 s is a statistically optimal cooldown","We use five minutes to deduplicate repeated alarms from one episode and disclose 60/600-second counts; it is an operational rule, not detector tuning.","DEFENSIBLE_WITH_LIMITATION"
"C5 graph-TV","For each channel c, TV_c=mean over valid undirected edges of (z_u,c-z_v,c)^2; system S=max_c TV_c; no comparable edge means UNAVAILABLE","ADAPTED_FROM_PRIOR_WORK","Graph total-variation/Laplacian principle from Gopalakrishnan, Li and Balakrishnan (CDC 2019); PRIOR SUPPORTS PRINCIPLE, NOT TD'S BINARY GRAPH, MEAN NORMALIZATION OR THRESHOLD","Measure disagreement of neighboring node signals as a complementary graph statistic","Squared edge differences are the canonical variation primitive; TD uses a mean over comparable binary edges and a channel maximum for auditable scale control","Primary forecast residual detector","Secondary only","Reported separately; no promotion based on outcome","Development secondary output does not replace primary C5","Prior theory assumptions and graph weights differ; high TV is not causal localization and isolates/no-edge cases are unavailable","It is a secondary structural-signal diagnostic using the exact registered mean-edge operator","The implemented TD operator is literally unnormalized x^T L x or Graph-TV theory validates the complete C5 detector","Graph TV measures mean squared disagreement across valid observed edges and takes the largest channel; we keep it secondary because our binary graph and noise assumptions do not inherit the paper's guarantees.","DEFENSIBLE_WITH_LIMITATION"
"Evaluation","MRR is primary C1 localization metric","STANDARD_STATISTICAL_METHOD","Standard information-retrieval ranking metric; TD-v1.3 predeclared endpoint","Reward placing the true root high while using the full ranking","One reciprocal rank per case is interpretable and sensitive near the top","Hit@k and NDCG secondary","Fixed before outcomes","Subgroup and leave-cell diagnostics","Development L=.744206, O=.702405, R=.678235","MRR averages heterogeneous cases and does not express calibration or causal certainty","MRR measures ranking quality for the known injected root","High MRR proves causal explanation quality","MRR directly scores how high the known injected root appears, with strong emphasis on top positions; secondary metrics show complementary views.","DEFENSIBLE"
"Evaluation","Tie-aware expected reciprocal rank over the root's tie interval","STANDARD_STATISTICAL_METHOD","Explicit TD-v1.3 tie handling; expectation under uniform ordering within an exact tie","Avoid arbitrary service-name ordering changing MRR","Expected RR is neutral within an unresolved tie","Optimistic or pessimistic tie breaking rejected","Fixed","Exact tie-interval recomputation","Development aggregate matched sealed results under the fixed rule","Ties still indicate lack of discrimination","It makes tied rankings deterministic and fair","It resolves the underlying diagnostic ambiguity","When scores tie, we average reciprocal rank across the positions the root could occupy instead of letting a name-order decide the result.","DEFENSIBLE"
"Evaluation","Hit@k and NDCG are secondary","STANDARD_STATISTICAL_METHOD","Standard ranking metrics","Show operational shortlist success and graded rank quality without displacing the prespecified primary","They complement rather than multiply primary claims","Multiple k values and NDCG","Fixed secondary endpoints","Reported under the registered metric suite","Development results were interpreted with MRR primary","Small sample and multiple descriptive endpoints limit standalone interpretation","They contextualize MRR","A favorable secondary metric overrides an unfavorable primary","Hit@k answers whether the root reaches a shortlist and NDCG adds rank context; neither is used to rescue the primary endpoint.","DEFENSIBLE"
"Evaluation","Root absent or method failure contributes score 0","STUDY_SPECIFIC_DESIGN","TD-v1.3 conservative failure policy","Prevent silent removal of hard/data-failure cases from efficacy","Zero is the minimum reciprocal-rank contribution and keeps denominators fixed","Complete-case exclusion rejected","Fixed","Preflight and quality audits","Development30 denominators remained auditable","Conflates coverage failure with ranking failure, intentionally for end-to-end efficacy","Reported efficacy includes registered pipeline failures","Zero means the method explicitly ranked the root last","If the system cannot rank the known root, we score the case as failure rather than improve results by dropping it.","DEFENSIBLE"
"Evaluation","Development folds grouped by 10 root x fault cells; five folds of two cells; repeats stay together","STUDY_SPECIFIC_DESIGN","TD-v1.3 grouped selection design; block-CV principle supported by Roberts et al. DOI:10.1111/ecog.02881; PRIOR SUPPORTS PRINCIPLE, NOT EXACT FOLDS","Reduce leakage and selection optimism from replicated cells","Holding out whole cells is the strongest grouping available within development30 while retaining five selection folds","Ungrouped case CV rejected","Fixed before outcome","Leave-cell winner counts and subgroup checks","C1 winner varied across folds/cells, exposing instability","Only 10 cells and same services/fault families remain; not external validation","Grouping reduces within-cell leakage","Five folds are IID or eliminate all selection bias","We hold out complete root-by-fault cells so repeats never split across train and validation; it reduces leakage but does not make thirty cases independent.","DEFENSIBLE_WITH_LIMITATION"
"Evaluation","Development30 for selection; current-method final60 predictions/labels sealed for prospective frozen-contrast evaluation","STUDY_SPECIFIC_DESIGN","MASTER program, TD-v1.3 staged evidence policy and historical exposure ledger","Separate bounded method choice from a one-time frozen evaluation while disclosing prior benchmark exposure","A larger sealed final partition limits additional outcome reuse after freeze, but E1 had already seen TT90 baseline outcomes and post-hoc fusion/strata","No random resplitting or final-outcome tuning; never describe the benchmark as clean or untouched","Fixed and sealed for the current method","Historical exposure ledger plus current-method seal status; no final-outcome sensitivity","Historical TT90 outcome exposure is declared; current-method final60 predictions/labels remain unopened","Historical outcome exposure and reuse of the same benchmark limit independence; 60 cases are not a universal power guarantee","This is a prospectively frozen new contrast on a previously studied benchmark, not clean independent confirmation","Final60 is untouched, clean confirmatory evidence, or guarantees significance/generalization","Development selected within the registry; after human freeze, final60 may evaluate the frozen contrasts once, but the defense must disclose that the benchmark was previously studied and is not an untouched test set.","DEFENSIBLE_WITH_LIMITATION"
"Inference","50,000 paired scenario-block bootstrap replicates over 20 cells","STANDARD_STATISTICAL_METHOD","Block bootstrap principle; Owen arXiv:0712.1111 and dependent-data literature support respecting grouped dependence; PRIOR SUPPORTS PRINCIPLE, NOT EXACT DESIGN","Estimate paired uncertainty while resampling the scenario unit rather than individual cases","50k makes Monte Carlo error negligible relative to sample uncertainty; 20 cells preserve paired structure","Naive case bootstrap rejected","Fixed before final","No outcome-adaptive resampling","Not yet applied to final60 in this review","Only 20 blocks; crossed dependencies and finite benchmark scope limit population inference","Intervals describe the registered scenario population with block-aware uncertainty","Bootstrap creates new independent scenarios or proves population generalization","We resample paired scenario cells, not individual rows, and use many replicates to stabilize computation; the dominant uncertainty is the small set of cells.","DEFENSIBLE_WITH_LIMITATION"
"Inference","Two primary contrasts with 97.5% intervals each (Bonferroni family-wise nominal 95%)","STANDARD_STATISTICAL_METHOD","Classical Bonferroni multiplicity control","Keep the two confirmatory graph contrasts in one declared family","Alpha .05 split across two contrasts gives .025 per two-sided interval family","Unadjusted 95% intervals rejected","Fixed before final","Not outcome-selected","No final inference opened","Conservative and does not solve benchmark dependence","Controls nominal family-wise coverage for the declared contrasts under the procedure","It guarantees substantive significance or external validity","We declared two primary contrasts and use Bonferroni-adjusted intervals so the family, not each isolated result, has nominal 95% coverage.","DEFENSIBLE"
"Inference","Smallest effect of interest delta = 0.05 MRR","STUDY_SPECIFIC_DESIGN","TD-v1.3; SESOI principle supported by Lakens PMID:28736600; exact 0.05 is study-specific","Distinguish practical equivalence/inferiority/superiority from merely nonzero differences","Five MRR points was fixed as a practically meaningful study-scale change, illustrated as six of 60 rank-2 to rank-1 improvements","Other deltas not searched","Fixed before final","No delta search","Development differences can be interpreted against but cannot redefine delta","Not tied to an operational SLA and exact value is judgmental","0.05 is the prespecified practical threshold for this study","0.05 is universally meaningful or clinically/operationally validated","We fixed five MRR points before final as the smallest study-relevant change; it is a transparent judgment, not a universal SLA.","DEFENSIBLE_WITH_LIMITATION"
"Quality gate","Signal starvation when >=80% of planned final incidents have empty V or identical round(local/max(local),12) values; all-zero is handled separately as all-tie","STUDY_SPECIFIC_DESIGN","TD-v1.3 interpretability gate","Make relation attribution inconclusive when the common local signal is absent or non-discriminating in most incidents","The 80% cutoff is a pre-outcome study convention marking widespread rather than occasional starvation","Retain all cases and operational scores; do not exclude starved cases or redefine the gate as generic eligibility","Fixed before outcome","No direct cutoff sensitivity; preflight and development report signal diagnostics","Development passed with limitations and did not trigger an all-zero/all-tie primary condition","Exact cutoff has no external optimum and passing does not prove local evidence is strong in every stratum","The gate conditions strong relation attribution when most planned incidents contain no discriminating local signal","It means fewer than 80% of cases are eligible, proves no missing-data bias, or authorizes case removal","If at least eighty percent of planned final incidents have no candidate set or the same normalized local value across candidates, topology attribution is inconclusive; this is a fixed claim guard, not a performance threshold.","DOCUMENTATION_GAP"
"Quality gate","Shared preprocessing failure >10% triggers inconclusive/shared-failure handling","STUDY_SPECIFIC_DESIGN","TD-v1.3 common-pipeline quality gate","Prevent a shared loader or feature failure from being mistaken for arm performance","Ten percent is a conservative operational ceiling for pipeline-wide loss","Continue normal inference at <=10%; stop/limit claims above","Fixed before outcome","Development preflight adjudication","Development completed PASS WITH LIMITATIONS rather than tripping this gate","Exact 10% is not externally calibrated and shared failures can cluster","It is a study governance guard","Below 10% means failures are ignorable","We cap shared preprocessing loss at ten percent so a common data failure cannot masquerade as an algorithm result; the threshold is operational, not inferential.","DOCUMENTATION_GAP"
"Quality gate","C5 lambda-selection eligibility requires >=80% development cases with valid objective contribution","STUDY_SPECIFIC_DESIGN","TD-v1.3 selection-validity gate","Prevent a shared hyperparameter from being selected on a narrow subset","Matches broader 80% case-coverage convention","Selection invalid/inconclusive below gate","Fixed before development outcome","Sealed eligibility audit","Primary selection completed; Phase 2 showed contribution imbalance despite case eligibility","Binary case eligibility does not prevent a few channels dominating numeric loss","It ensures broad case participation, not balanced influence","80% eligibility proves the objective is well behaved","We require contributions from at least eighty percent of development cases before selecting lambda; Phase 2 shows this does not by itself prevent scale dominance.","DOCUMENTATION_GAP"
"Governance","Predictions and selections sealed before final labels; no silent outcome-driven mutation; any material pre-freeze change returns to D for versioning, review and exposure logging","STUDY_SPECIFIC_DESIGN","MASTER program, TD-v1.3 and CURRENT-STATE evidence gates","Limit researcher degrees of freedom while preserving the distinction between development exposure and opening final outcomes","Freezing after bounded diagnostics prevents silent redesign; TD still permits a reviewed finite-registry amendment before final freeze with an extra-attempt/exposure record","Reviewed pre-freeze amendment versus post-final exploratory versioning","Fixed governance rule","Hashes, seals and read-only Phase 1/2 analyses","No current finding mandates TD-v1.4 and final60 remains unopened","A reviewed amendment would increase development selection exposure and require re-review, but would not by itself open final60","The current method and limitations remain sealed unless Minh authorizes the TD return/amendment path","No amendment is ever permitted, or any development amendment automatically consumes/opens final60","We do not silently retune after seeing development outcomes. A material pre-freeze change is possible only through a versioned return to Task D, review and explicit exposure logging; that raises selection exposure but does not itself open final60.","DEFENSIBLE"
