case_id,handle,root_service,fault,cell,L_rr,O_rr,L_tie_start,L_tie_end,O_tie_start,O_tie_end,delta_rr,outcome,root_local_score,strongest_nonroot_service,strongest_nonroot_score,strongest_nonroot_tie_count,root_margin,global_top1_top2_margin,root_rank1_before_graph,root_local_available,root_personalization_mass,root_observed_ppr_mass,root_ppr_mass_delta,best_nonroot_personalization_mass,best_nonroot_observed_ppr_mass,best_nonroot_ppr_mass_delta,nonroot_above_root_before_graph,nonroot_above_root_after_graph,change_in_nonroot_nodes_above_root,competitor_personalization_mass,competitor_observed_ppr_mass,root_in_degree,root_out_degree,root_undirected_degree,competitor_undirected_degree,root_isolate,node_count,edge_count,graph_isolate_count,root_reachable_nodes_selected_undirected_ppr,root_reachability_fraction_selected_undirected_ppr,root_to_strongest_relation_raw_observed,root_to_strongest_undirected_distance,root_uniform_ppr_tie_start,root_uniform_ppr_tie_end,parent_nonnull_selected,parent_resolved_selected,parent_unresolved_selected,parent_resolution_rate,root_visible_in_candidate,root_reference_trace_visible,candidate_node_count,local_participating_services,metric_ref_mapped_columns,metric_query_mapped_columns,query_only_service_count,root_query_only,conflicted_metric_channel_count,identical_trace_duplicates_collapsed
re2tt_ts-auth-service_cpu_1,96538c0c0d6a11d8,ts-auth-service,cpu,ts-auth-service × cpu,1.0,1.0,1,1,1,1,0.0,UNCHANGED,33.005278436767,ts-contacts-service,25.35180869207072,1,7.653469744696281,7.653469744696281,True,True,0.26682857646508396,0.26682857646508396,0.0,0.20495470253584658,0.108623809544626,-0.09633089299122058,0,0,0,0.20495470253584658,0.108623809544626,0,0,0,2,True,27,55,1,1,0.037037037037037035,NO_DIRECT_EDGE,UNREACHABLE,12,14,241395,241395,0,1.0,True,True,27,27,202,202,0,False,0,0
re2tt_ts-auth-service_cpu_2,63f914383963739b,ts-auth-service,cpu,ts-auth-service × cpu,0.5,0.04,2,2,25,25,-0.46,HARM,23.2885225544721,ts-preserve-other-service,1242453324944.0002,1,-1242453324920.7117,1242453324920.7117,False,True,1.8743981833756135e-11,1.8743981833756145e-11,9.693522803355793e-27,0.9999999998955774,0.5453199142933751,-0.4546800856022023,1,24,23,0.9999999998955774,0.5453199142933751,0,0,0,10,True,27,55,1,1,0.037037037037037035,NO_DIRECT_EDGE,UNREACHABLE,12,14,169196,169196,0,1.0,True,True,27,27,200,200,0,False,0,0
re2tt_ts-auth-service_cpu_3,45e43770afa33cef,ts-auth-service,cpu,ts-auth-service × cpu,0.5,0.5,2,2,2,2,0.0,UNCHANGED,9.599062144878923,ts-consign-service,23.366261398176306,1,-13.767199253297383,13.767199253297383,False,True,0.1169260312657149,0.11692603126571488,-1.3877787807814457e-17,0.2846240778078108,0.19575998853618384,-0.08886408927162695,1,1,0,0.2846240778078108,0.19575998853618384,0,0,0,1,True,27,55,1,1,0.037037037037037035,NO_DIRECT_EDGE,UNREACHABLE,12,14,193051,193037,14,0.9999274803031324,True,True,27,27,200,200,0,False,0,0
re2tt_ts-auth-service_delay_1,87443a2d6d14434c,ts-auth-service,delay,ts-auth-service × delay,0.5,0.04,2,2,25,25,-0.46,HARM,26.68474662534468,ts-inside-payment-service,1005000002.963113,1,-1004999976.2783663,1004999976.2783663,False,True,2.6551983607435874e-08,2.6551983607435874e-08,0.0,0.9999998867819454,0.5638196740229873,-0.43618021275895813,1,24,23,0.9999998867819454,0.5638196740229873,0,0,0,3,True,27,55,1,1,0.037037037037037035,NO_DIRECT_EDGE,UNREACHABLE,12,14,240808,201195,39613,0.8354996511743796,True,True,27,27,204,204,0,False,0,0
re2tt_ts-auth-service_delay_2,24851f5149e4321a,ts-auth-service,delay,ts-auth-service × delay,0.25,0.2,4,4,5,5,-0.04999999999999999,HARM,4.2725471908233805,ts-user-service,12.02455967178497,1,-7.75201248096159,3.0551121178746268,False,True,0.05421526617368743,0.054215266173687444,1.3877787807814457e-17,0.15258221246271983,0.08331167827491644,-0.06927053418780339,3,4,1,0.15258221246271983,0.08331167827491644,0,0,0,2,True,27,55,1,1,0.037037037037037035,NO_DIRECT_EDGE,UNREACHABLE,12,14,139128,139128,0,1.0,True,True,27,27,191,191,0,False,0,0
re2tt_ts-auth-service_delay_3,549b2f655fc55fd1,ts-auth-service,delay,ts-auth-service × delay,0.3333333333333333,0.16666666666666666,3,3,6,6,-0.16666666666666666,HARM,4.837835178681205,ts-payment-service,42.64589665653499,1,-37.808061477853784,33.42408911831807,False,True,0.0447406681332247,0.044740668133224706,6.938893903907228e-18,0.3943924997614225,0.21752565771497093,-0.17686684204645156,2,5,3,0.3943924997614225,0.21752565771497093,0,0,0,1,True,27,55,1,1,0.037037037037037035,NO_DIRECT_EDGE,UNREACHABLE,12,14,138298,138288,10,0.9999276923744378,True,True,27,27,192,192,0,False,0,0
re2tt_ts-order-service_disk_1,4bdb62f38b122bbc,ts-order-service,disk,ts-order-service × disk,1.0,1.0,1,1,1,1,0.0,UNCHANGED,76763.1287624509,ts-preserve-service,40.18906533334854,1,76722.93969711754,76722.93969711754,True,True,0.9983499028881556,0.5293329930090513,-0.46901690987910427,0.0005226825706502535,0.06844805638626948,0.06792537381561922,0,0,0,0.0005226825706502535,0.06844805638626948,5,1,6,10,False,27,55,1,24,0.8888888888888888,COMPETITOR_TO_ROOT,1,9,9,225678,225666,12,0.9999468268949565,True,True,27,27,204,204,0,False,0,0
re2tt_ts-order-service_disk_2,b0a2dcc878eeefa3,ts-order-service,disk,ts-order-service × disk,1.0,1.0,1,1,1,1,0.0,UNCHANGED,108701.84901091349,ts-assurance-service,28.4853051123606,1,108673.36370580112,108673.36370580112,True,True,0.99914682458805,0.5586437190040242,-0.44050310558402583,0.0002618262928313152,0.16364479697370282,0.16338297068087151,0,0,0,0.0002618262928313152,0.0002618262928313152,1,1,2,0,False,20,20,2,13,0.65,NO_DIRECT_EDGE,UNREACHABLE,12,13,25216,25216,0,1.0,True,True,20,20,142,142,0,False,0,0
re2tt_ts-order-service_disk_3,9b847bd8f23c07af,ts-order-service,disk,ts-order-service × disk,1.0,1.0,1,1,1,1,0.0,UNCHANGED,114374.04271856653,ts-inside-payment-service,146.68089276289663,1,114227.36182580363,114227.36182580363,True,True,0.9976747058488867,0.5580209260377781,-0.43965377981110865,0.0012794845146897953,0.1635693079898661,0.16228982347517631,0,0,0,0.0012794845146897953,0.1549496384584053,1,1,2,2,False,20,20,2,13,0.65,COMPETITOR_TO_ROOT,1,12,13,25032,25032,0,1.0,True,True,20,20,142,142,0,False,0,0
re2tt_ts-order-service_loss_1,cea480a087995c2a,ts-order-service,loss,ts-order-service × loss,0.5,0.5,2,2,2,2,0.0,UNCHANGED,25.313450945008242,ts-preserve-service,47.85091307562226,1,-22.537462130614017,22.537462130614017,False,True,0.13765552408412404,0.10258874085952564,-0.0350667832245984,0.26021511376059836,0.1820657545106156,-0.07814935924998276,1,1,0,0.26021511376059836,0.1820657545106156,5,1,6,10,False,27,55,1,24,0.8888888888888888,COMPETITOR_TO_ROOT,1,9,9,269299,269299,0,1.0,True,True,27,27,206,206,0,False,0,0
re2tt_ts-order-service_loss_2,f900792c9a1f5622,ts-order-service,loss,ts-order-service × loss,0.5,0.5,2,2,2,2,0.0,UNCHANGED,69.9003825031137,ts-inside-payment-service,103.27657745334616,1,-33.37619495023246,33.37619495023246,False,True,0.31716854932796174,0.2519083440909092,-0.06526020523705256,0.46861091566953256,0.3223618346218773,-0.14624908104765527,1,1,0,0.46861091566953256,0.3223618346218773,1,1,2,2,False,20,20,2,13,0.65,COMPETITOR_TO_ROOT,1,12,13,24442,24441,1,0.9999590868177727,True,True,20,20,147,147,0,False,0,0
re2tt_ts-order-service_loss_3,9d1464b4fb8a49c0,ts-order-service,loss,ts-order-service × loss,0.5,0.5,2,2,2,2,0.0,UNCHANGED,363.6795820054115,ts-inside-payment-service,1302.037904368315,1,-938.3583223629034,938.3583223629034,False,True,0.2115712307210064,0.2355790417411833,0.024007811020176906,0.7574628203034653,0.47031977662835894,-0.2871430436751064,1,1,0,0.7574628203034653,0.47031977662835894,1,1,2,2,False,20,20,2,13,0.65,COMPETITOR_TO_ROOT,1,12,13,24830,24830,0,1.0,True,True,20,20,147,147,0,False,0,0
re2tt_ts-route-service_mem_1,58e365eed32084b4,ts-route-service,mem,ts-route-service × mem,0.5,0.06666666666666667,2,2,15,15,-0.43333333333333335,HARM,553.452955015405,ts-seat-service,10050000021.578371,1,-10049999468.125416,10049999468.125416,False,True,5.506993768568496e-08,0.007357567841840895,0.00735751277190321,0.999999855297635,0.5304774620125943,-0.46952239328504075,1,14,13,0.999999855297635,0.5304774620125943,3,0,3,7,False,27,55,1,24,0.8888888888888888,NO_DIRECT_EDGE,2,20,21,149629,149629,0,1.0,True,True,27,27,206,206,0,False,0,0
re2tt_ts-route-service_mem_2,15fa2ad3a7eecebd,ts-route-service,mem,ts-route-service × mem,1.0,1.0,1,1,1,1,0.0,UNCHANGED,359.3970553318113,ts-user-service,112.77354346128887,1,246.62351187052246,246.62351187052246,True,True,0.41970843636538524,0.22276409562095614,-0.1969443407444291,0.13169837339324428,0.09676768842929458,-0.0349306849639497,0,0,0,0.13169837339324428,0.07369609912983525,3,0,3,2,False,27,55,1,24,0.8888888888888888,NO_DIRECT_EDGE,3,20,21,132710,132700,10,0.9999246477281291,True,True,27,27,194,194,0,False,0,0
re2tt_ts-route-service_mem_3,c60cff817fc2d5cf,ts-route-service,mem,ts-route-service × mem,1.0,1.0,1,1,1,1,0.0,UNCHANGED,990.4549899034831,ts-admin-travel-service,273.5192502532928,1,716.9357396501903,716.9357396501903,True,True,0.6212842840406251,0.3310674667513201,-0.290216817289305,0.17157085712850523,0.10074101096644392,-0.07082984616206131,0,0,0,0.17157085712850523,0.09892402623012925,3,0,3,2,False,27,55,1,24,0.8888888888888888,NO_DIRECT_EDGE,2,20,21,151266,151266,0,1.0,True,True,27,27,194,194,0,False,0,0
re2tt_ts-route-service_socket_1,0f1447a5823d8a23,ts-route-service,socket,ts-route-service × socket,0.5,0.5,2,2,2,2,0.0,UNCHANGED,199.20639063927462,ts-admin-travel-service,370.7127659574468,1,-171.50637531817216,171.50637531817216,False,True,0.26038490945660714,0.14968423817256746,-0.11070067128403968,0.48456281793204253,0.2578074332623268,-0.22675538466971573,1,1,0,0.48456281793204253,0.2578074332623268,3,0,3,2,False,27,55,1,24,0.8888888888888888,NO_DIRECT_EDGE,2,20,21,344866,344257,609,0.9982340967216252,True,True,27,27,208,208,0,False,0,0
re2tt_ts-route-service_socket_2,5bf54b9f116a5fa1,ts-route-service,socket,ts-route-service × socket,1.0,1.0,1,1,1,1,0.0,UNCHANGED,89.49034942625418,ts-admin-travel-service,15.675641025641013,1,73.81470840061317,73.81470840061317,True,True,0.5134449962528712,0.2761807257424782,-0.237264270510393,0.08993795978307308,0.0985262214359578,0.008588261652884718,0,0,0,0.08993795978307308,0.05764400433497115,3,0,3,2,False,27,55,1,24,0.8888888888888888,NO_DIRECT_EDGE,2,20,21,131312,131295,17,0.9998705373461679,True,True,27,27,194,194,0,False,0,0
re2tt_ts-route-service_socket_3,47f193d58b233d8a,ts-route-service,socket,ts-route-service × socket,1.0,1.0,1,1,1,1,0.0,UNCHANGED,405.03944509060165,ts-admin-travel-service,251.1796690307329,1,153.85977605986875,153.85977605986875,True,True,0.469332972664553,0.25523605876939054,-0.21409691389516244,0.2910504203182551,0.1596184546360666,-0.1314319656821885,0,0,0,0.2910504203182551,0.1596184546360666,3,0,3,2,False,27,55,1,24,0.8888888888888888,NO_DIRECT_EDGE,2,20,21,162341,162341,0,1.0,True,True,27,27,194,194,0,False,0,0
re2tt_ts-train-service_cpu_1,f13a01ab09a3962b,ts-train-service,cpu,ts-train-service × cpu,1.0,1.0,1,1,1,1,0.0,UNCHANGED,194.50886671391865,ts-admin-travel-service,71.15602836879437,1,123.35283834512428,123.35283834512428,True,True,0.5537679729894773,0.2966990402349686,-0.2570689327545087,0.20258166253019114,0.11404670926209415,-0.08853495326809699,0,0,0,0.20258166253019114,0.11404670926209415,3,0,3,2,False,27,55,1,24,0.8888888888888888,NO_DIRECT_EDGE,2,20,21,217431,217377,54,0.9997516453495592,True,True,27,27,203,203,0,False,0,0
re2tt_ts-train-service_cpu_2,b4f7da80e26ff729,ts-train-service,cpu,ts-train-service × cpu,1.0,1.0,1,1,1,1,0.0,UNCHANGED,223.9329108337432,ts-admin-travel-service,90.10976789168276,1,133.82314294206043,133.82314294206043,True,True,0.3456087797127002,0.1867312296423338,-0.1588775500703664,0.13907168359170194,0.0824167059845986,-0.056654977607103335,0,0,0,0.13907168359170194,0.0787604161083359,3,0,3,2,False,27,55,1,24,0.8888888888888888,NO_DIRECT_EDGE,2,20,21,157116,157104,12,0.9999236233101657,True,True,27,27,201,201,0,False,0,0
re2tt_ts-train-service_cpu_3,8fe6a000483edc0e,ts-train-service,cpu,ts-train-service × cpu,0.5,0.058823529411764705,2,2,17,17,-0.4411764705882353,HARM,201.8030141206441,ts-preserve-other-service,1246455460298.6733,1,-1246455460096.8704,1246455460096.8704,False,True,1.6190150429965297e-10,0.0046076889101201385,0.004607688748218634,0.9999999997236291,0.5453199142015412,-0.45468008552208783,1,16,15,0.9999999997236291,0.5453199142015412,3,0,3,10,False,27,55,1,24,0.8888888888888888,NO_DIRECT_EDGE,2,20,21,185044,185044,0,1.0,True,True,27,27,202,202,0,False,0,0
re2tt_ts-train-service_delay_1,8534e6237bee1618,ts-train-service,delay,ts-train-service × delay,1.0,1.0,1,1,1,1,0.0,UNCHANGED,3532.4124969015957,ts-admin-travel-service,2008.931996822635,1,1523.4805000789606,1523.4805000789606,True,True,0.48140892326724183,0.26505210211425523,-0.2163568211529866,0.2737839338853512,0.1554756479835539,-0.11830828590179732,0,0,0,0.2737839338853512,0.1554756479835539,3,0,3,2,False,27,55,1,24,0.8888888888888888,NO_DIRECT_EDGE,2,20,21,250443,250431,12,0.9999520849055473,True,True,27,27,204,204,0,False,0,0
re2tt_ts-train-service_delay_2,84c4c18e60502036,ts-train-service,delay,ts-train-service × delay,1.0,1.0,1,1,1,1,0.0,UNCHANGED,2539.1254034071326,ts-admin-travel-service,2008.5440223187748,1,530.5813810883578,530.5813810883578,True,True,0.39634921181749283,0.223292731934043,-0.17305647988344983,0.3135271850214859,0.17557840486486181,-0.1379487801566241,0,0,0,0.3135271850214859,0.17557840486486181,3,0,3,2,False,27,55,1,24,0.8888888888888888,NO_DIRECT_EDGE,2,20,21,157667,157666,1,0.9999936575186945,True,True,27,27,191,191,0,False,0,0
re2tt_ts-train-service_delay_3,0868b9b567cd44c8,ts-train-service,delay,ts-train-service × delay,1.0,1.0,1,1,1,1,0.0,UNCHANGED,2304.6453936890407,ts-travel2-service,651.6117299423532,1,1653.0336637466876,1653.0336637466876,True,True,0.5455072902724397,0.29978924684195146,-0.24571804343048825,0.15423585341326962,0.1532877734634768,-0.0009480799497928183,0,0,0,0.15423585341326962,0.1532877734634768,3,0,3,7,False,27,55,1,24,0.8888888888888888,COMPETITOR_TO_ROOT,1,20,21,190784,190777,7,0.9999633092921838,True,True,27,27,191,191,0,False,0,0
re2tt_ts-travel-service_disk_1,27afdc4e5ac07b32,ts-travel-service,disk,ts-travel-service × disk,1.0,1.0,1,1,1,1,0.0,UNCHANGED,76195.79322747664,ts-security-service,17.89473684210528,1,76177.89849063453,76177.89849063453,True,True,0.9988430963968682,0.5385601504673879,-0.46028294592948027,0.00023458033048115939,0.05351597360738607,0.05328139327690491,0,0,0,0.00023458033048115939,0.008074049047359989,4,5,8,4,False,27,55,1,24,0.8888888888888888,NO_DIRECT_EDGE,2,3,3,187774,187767,7,0.9999627211435023,True,True,27,27,193,193,0,False,0,0
re2tt_ts-travel-service_disk_2,757b880ecadc87f4,ts-travel-service,disk,ts-travel-service × disk,1.0,1.0,1,1,1,1,0.0,UNCHANGED,107450.55636318588,ts-admin-travel-service,59.823719008825414,1,107390.73264417706,107390.73264417706,True,True,0.9988230602738214,0.5698324492099845,-0.42899061106383685,0.0005561005184132163,0.06775567108994833,0.06719957057153511,0,0,0,0.0005561005184132163,0.06472670760769672,2,3,5,2,False,20,20,2,13,0.65,COMPETITOR_TO_ROOT,1,1,1,32317,32316,1,0.9999690565337129,True,True,20,20,149,149,0,False,0,0
re2tt_ts-travel-service_disk_3,3b90d794c8506cef,ts-travel-service,disk,ts-travel-service × disk,1.0,1.0,1,1,1,1,0.0,UNCHANGED,84509.78604228538,ts-inside-payment-service,35.367898841923875,1,84474.41814344346,84474.41814344346,True,True,0.9986369812625733,0.5696824288308877,-0.42895455243168557,0.00041793611588871295,0.06774275182680736,0.06732481571091865,0,0,0,0.00041793611588871295,0.0013462753546909837,2,3,5,2,False,20,20,2,13,0.65,NO_DIRECT_EDGE,4,1,1,33156,33156,0,1.0,True,True,20,20,150,150,0,False,0,0
re2tt_ts-travel-service_loss_1,dd8536efed49ca5a,ts-travel-service,loss,ts-travel-service × loss,0.14285714285714285,0.5,7,7,2,2,0.35714285714285715,HELP,4.211457553743485,ts-admin-travel-service,238.26595744680833,1,-234.05449989306484,189.6180221297068,False,True,0.011524698028540415,0.10856545418425691,0.09704075615571649,0.6520173063633775,0.34049940245401383,-0.3115179039093637,6,1,-5,0.6520173063633775,0.34049940245401383,4,5,8,2,False,27,55,1,24,0.8888888888888888,COMPETITOR_TO_ROOT,1,3,3,183650,183642,8,0.9999564388783011,True,True,27,27,192,192,0,False,0,0
re2tt_ts-travel-service_loss_2,b493b6b9e7b01687,ts-travel-service,loss,ts-travel-service × loss,0.1,0.5,10,10,2,2,0.4,HELP,3.9166591784285085,ts-admin-travel-service,262.6808510638298,1,-258.76419188540126,225.59820463837823,False,True,0.009486361647172531,0.10906302628597268,0.09957666463880015,0.6362273145192022,0.3322170381561051,-0.30401027636309713,9,1,-8,0.6362273145192022,0.3322170381561051,4,5,8,2,False,27,55,1,24,0.8888888888888888,COMPETITOR_TO_ROOT,1,3,3,276113,276111,2,0.999992756588788,True,True,27,27,201,201,0,False,0,0
re2tt_ts-travel-service_loss_3,7138fe1fe1ddf617,ts-travel-service,loss,ts-travel-service × loss,1.0,1.0,1,1,1,1,0.0,UNCHANGED,73050000007.47588,ts-admin-travel-service,11040001009.291813,1,62009998998.18407,62009998998.18407,True,True,0.8687120823354181,0.487203875466788,-0.3815082068686301,0.131287916013491,0.09932997109618091,-0.03195794491731008,0,0,0,0.131287916013491,0.09932997109618091,4,5,8,2,False,27,55,1,24,0.8888888888888888,COMPETITOR_TO_ROOT,1,3,3,207888,207873,15,0.9999278457631032,True,True,27,27,194,194,0,False,0,0
